en1	fi1	en2	fi2	score
A person is on a baseball team.	Henkilö on baseball-joukkueessa.	A person is playing basketball on a team.	Henkilö pelaa koripalloa joukkueessa.	2.400000
Our current vehicles will be in museums when everyone has their own aircraft.	Nykyiset ajoneuvomme ovat museoissa, kun jokaisella on oma lentokoneensa.	The car needs to some work	Auto tarvitsee hieman korjausta.	0.200000
A woman supervisor is instructing the male workers.	Naisohjaaja ohjeistaa miestyöntekijöitä.	A woman is working as a nurse.	Nainen työskentelee sairaanhoitajana.	1.000000
A bike is next to a couple women.	Pyörä on parin naisen vieressä.	A child next to a bike.	Lapsi polkupyörän vieressä.	2.000000
The group is eating while taking in a breathtaking view.	Ryhmä syö henkeäsalpaavalla näköalalla.	A group of people take a look at an unusual tree.	Ryhmä ihmisiä katsomaan epätavallista puuta.	2.200000
The boy is raising his hand.	Poika nostaa kättään.	The man is raising his hand.	Mies nostaa kättään.	3.400000
A man with a gray beard is being shaved in front of a lecture hall	Harmaapartaista miestä sheivataan luentosalin edessä.	A man with a beard is sitting in the grass.	Mies, jolla on parta, istuu ruoholla.	0.800000
The sky has very little to no clouds.	Taivaalla on hyvin vähän tai ei lainkaan pilviä.	This Lady might be ready for Rock Climbing, or just watching the Clouds, above.	Tämä nainen voi olla valmis kalliokiipeilyyn tai vain katselemaan pilviä.	0.400000
The young boy jumps barefoot outside in the front yard.	Nuori poika hyppii paljain jaloin ulkona etupihalla.	The teen rode his bike around the people walking in the courtyard.	Teini ajoi pyörällään sisäpihalla kävelevien ihmisten ympärillä.	0.400000
There are dogs in the forest.	Metsässä on koiria.	The dogs are alone in the forest.	Koirat ovat yksin metsässä.	4.000000
Some cyclists stop near a sign.	Pyöräilijät pysähtyvät kyltin vieressä.	Two men stop to talk near a sign outside.	Kaksi miestä pysähtyvät juttelemaan kyltin lähellä ulkopuolella.	3.400000
These cooks in the white are busy in the kitchen making dinner for their customers.	Nämä kokit valkoisissa ovat kiireisiä keittiössä valmistaessaan illallista asiakkailleen 	The women are preparing dinner in their kitchen.	Naiset valmistavat illallista keittiössä.	3.000000
A young person  deep in thought.	Nuori ihminen syvällä ajatuksissa.	A young man deep in thought.	Nuori mies syvällä ajatuksissaan.	4.600000
A man is carrying a canoe with a dog.	Mies kantaa kanoottia koiran kanssa.	A dog is carrying a man in a canoe.	Koira kuljettaa miestä kanootissa.	1.800000
A man is performing labor.	Mies tekee työtä.	A man is performing today.	Mies esiintyy tänään.	2.800000
Two men wearing traditional clothing is standing outside.	Kaksi perinteisiin vaatteisiin pukeutunutta miestä seisoo ulkona.	Three women wearing black vests and gray shirts are talking outside of a building.	Kolme mustia liivejä ja harmaita paitoja käyttävää naista puhuu rakennuksen ulkopuolella.	2.000000
a woman watches a rap group live	nainen seuraa rap-ryhmää livenä	An audience watches a girl dance.	Yleisö seuraa tytön tanssia.	2.200000
A girl dancing on a sandy beach.	Tyttö tanssii hiekkarannalla.	A girl is on a sandy beach.	Tyttö on hiekkarannalla.	3.600000
a man wearing a gray hat fishing out of a fishing boat.	Harmaahattuinen mies kalastaa kalastusveneestä.	A man wearing a straw hat and fishing vest in a stream.	Mies olkihatussa ja kalastusliivissä virrassa.	2.600000
A little girl in an orange striped outfit is airborne whilst bouncing on a bed.	Pieni tyttö oranssiraidallisessa asussa on ilmassa ponnahtaessaan sängyltä.	A dog in a red shirt is chasing a squirrel through the glass.	Koira punaisessa paidassa jahtaa oravaa lasin läpi.	0.200000
A person is watching people ski down the hill.	Henkilö katsoo ihmisiä hiihtämässä mäkeä alas.	The woman is jumping a long distance while people watch.	Nainen hyppää pituutta ihmisten katsellessa.	1.400000
The yard has a dog.	Pihalla on koira.	The dog is running after another dog.	Koira juoksee toisen koiran perässä.	1.600000
The woman is drinking lemonade and watching T.V.	Nainen juo limonadia ja katselee TV:tä	The man is sitting drinking coffee.	Mies istuu juomassa kahvia.	0.400000
Three women cook.	Kolme naista laittaa ruokaa.	Two women cooking.	Kaksi naista kokkaamassa.	3.200000
The woman is kneeling next to a cat.	Nainen polvistuu kissan viereen.	A girl is standing next to a man.	Tyttö seisoo miehen vieressä.	0.200000
The young adult are cold	Nuori aikuinen on kylmä	Asian children are playing with a dog.	Aasian lapset leikkivät koiran kanssa.	0.200000
Three guys playing a pro game of basketball.	Kolme kaverusta pelaavat ammattilaiskoripallopeliä.	two guys playing a game of baseball.	kaksi kaveria pelaamassa baseballia.	2.400000
A sad man is jumping over a small stream to meet his companion on the other side.	Surullinen mies hyppää pienen puron yli tapaamaan toveriaan toisella puolella.	A man is jumping over a stream to meet his companion on the other side.	Mies hyppää puron yli tapaamaan toveriaan toisella puolella.	3.800000
The boys are earning their next belt in karate.	Pojat ansaitsevat seuraavan vyönsä karatessa.	Five girls and one boy are in their swimsuits all in the middle of jumping into the pool.	Viisi tyttöä ja yksi poika ovat uimapuvuissaan ovat hyppäämässä uima-altaaseen.	0.200000
A woman is digging in the sand.	Nainen kaivaa hiekkaa.	A man is buried in the sand.	Mies on haudattu hiekkaan.	1.400000
A woman drives a golf cart.	Nainen ajaa golfkärryä.	A man riding a cart.	Mies ajaa kärryä.	1.800000
A woman is bungee jumping.	Nainen benjihyppää.	A girl is bungee jumping.	Tyttö benjihyppää.	4.200000
A clown performs for brother and sister as the rest of the party watches.	Pelle esiintyy veljelle ja sisarelle muun juhlaseuran katsellessa.	A blond-haired child performing on the trumpet in front of a house while his younger brother watches.	Vaaleatukkainen lapsi soittaa trumpettia talon edessä hänen nuoremman veljensä katsellessa.	1.200000
A person filming the outdoors.	Henkilö on kuvaamassa ulkona.	There is a couple outdoors.	Pariskunta ulkona.	1.600000
A human riding a skateboard.	Ihminen kulkee rullalaudalla.	A child is riding a skateboard.	Lapsi rullalautailee.	3.800000
A woman in a plaid outfit is looking through a bag of produce.	Nainen ruudullisessa asussa katselee tuotepussin läpi.	This is the picture of a woman in a flowered dress, toting something in a bucket.	Tämä on kuva kukkamekkoon pukeutuneesta naisesta, joka kantaa jotain ämpärissä	1.000000
Four girls happily walk down a sidewalk.	Neljä tyttöä kävelee onnellisesti jalkakäytävää pitkin.	Three young girls walk down a sidewalk.	Kolme nuorta tyttöä kävelee jalkakäytävää pitkin.	3.400000
The tennis player hit the ball into outer space and broke the death star.	Tennispelaaja löi pallon ulkoavaruuteen ja rikkoi Kuolemantähden	A female tennis player is leaping into the air to hit the ball.	Naisennispelaaja hyppää ilmaan lyödäkseen palloa.	1.200000
A boy climbs a forest hill.	Poika kiipeää metsäkukkulaa.	A boy is climbing a hill.	Poika kiipeää mäkeä.	4.000000
a group of navy seals are singing	Ryhmä navy sealeja laulaa.	A group of military personnel are playing in a brass quintet.	Ryhmä sotilashenkilöstöä soittaa messinkikvintetissä.	2.400000
Blond boy jumping onto deck.	Vaalea poika hyppää kannelle.	A boy jumping down a wet inflatable slide.	Poika hyppää alas märkää puhallettavaa liukumäkeä.	2.000000
A man uses a chainsaw to sculpt a phallic ice sculpture.	Mies käyttää moottorisahaa veistääkseen fallosmaisen jääveistoksen.	A man is using a chainsaw to carve a wooden sculpture.	Mies käyttää moottorisahaa puuveistoksen tekemiseen.	2.600000
A group of male construction workers repair railroad tracks on a cloudy day	Ryhmä miespuolisia rakennustyöläisiä korjaa rautateitä pilvisenä päivänä	A crew of workers working on a railroad track.	Joukko työntekijöitä töissä rautatiellä.	3.800000
A man playing the violin in the rain.	Mies soittaa viulua sateessa.	A man playing the guitar in the rain.	Mies soittaa kitaraa sateessa.	3.200000
The people are leaving the airplane.	Ihmiset poistuvat lentokoneesta.	The people are entering the plane.	Ihmiset nousevat koneeseen.	2.200000
The dogs are chasing a cat.	Koirat jahtaavat kissaa.	The dogs are chasing a black cat.	Koirat jahtaavat mustaa kissaa.	4.400000
The girl has something on her head.	Tytöllä on jotain päässään.	The woman has something with her.	Naisella on jotain mukanaan.	2.600000
the tan dog is playing with the red dog out in the snow	Ruskea koira leikkii punaisen koiran kanssa lumessa.	A yellow dog is playing in the snow.	Keltainen koira leikkii lumessa.	2.600000
People making a structure out of cards.	Ihmisiä tekemässä rakennusta korteista. 	Two people are together and one is using a piece of clothing in a different way than intended.	Kaksi ihmistä on yhdessä ja toinen käyttää vaatetta eri tavalla kuin on tarkoitettu.	0.200000
a girl with vases in the background inside her house	Tyttö talossaan taustallaan vaaseja	The girl is standing as the other girl with glasses works on her hand painting.	Tyttö seisoo toisen silmälasipäisen tytön työskennellessä käsimaalauksensa kanssa.	0.200000
There are four people outside.	Ulkona on neljä ihmistä.	Five people are outside.	Viisi ihmistä on ulkona.	3.000000
A person sitting in an office takes a picture.	Toimistossa istuva henkilö ottaa kuvan.	A woman is sitting in an office.	Nainen istuu toimistossa.	3.200000
Girls are holding hands in blue clothes	Tytöt pitävät käsistä sinisissä vaatteissa.	The young people are wearing jeans with their red and green shirts.	Nuorilla on farkut punavihreiden paitojen kanssa.	1.800000
People rock jumping into water while people fish in the background.	Ihmiset hyppivät veteen kalliolta ihmisten kalastaessa taustalla.	Two people watching the water.	Kaksi ihmistä katselee vettä.	2.200000
A man is demonstrating how to work with clay while at least two people observe.	Mies näyttää kuinka käsitellä savea samalla vähintään kahden ihmisen tarkkaillessa.	At least one of the three women is talking to the others.	Ainakin yksi kolmesta naisesta puhuu muiden kanssa.	0.600000
A dog has a sweater on.	Koiralla on pusero päällä.	A man in a suit jacket is sitting on a red couch with a cat.	Mies puvun takissa istuu punaisella sohvalla kissan kanssa.	0.600000
A blonde woman looks for medical supplies for work in a suitcase.	Vaalea nainen etsii lääkintätarvikkeita työhön matkalaukusta.	The blond woman is searching for medical supplies in a suitcase.	Vaalea nainen etsii lääkintätarvikkeita matkalaukusta.	5.000000
A boy is at school taking a test.	Poika on koulussa tekemässä koetta.	The boy is taking a test at school.	Poika tekee kokeen koulussa.	5.000000
An old man wearing a hat stands outside a shop door.	Vanha mies, jolla on hattu, seisoo kaupan oven ulkopuolella.	a man in an oversized shirt sits at a shop	mies ylisuuressa paidassa istuu kaupassa	2.200000
Sculptor applying concrete to large statue of human figure standing with no head.	Kuvanveistäjä levittää betonia suurelle seisovaa ihmishahmoa esittävälle päättömälle patsaalle.	A person is standing in front of a building holding aloft some plywood	Henkilö seisoo rakennuksen edessä pidellen vaneria korkealla	0.200000
A boy with dark hair is in water and is looking up.	Tummahiuksinen poika on vedessä ja katsoo ylös.	The man is short hair.	Mies on lyhythiuksinen.	0.600000
A pole is behind a person that is playing peekaboo with a child.	Pylväs on henkilön takana, joka pelaa peekaboa lapsen kanssa.	There is a child with a ball	On lapsi, jolla on pallo	0.200000
A woman is about to paint.	Nainen on maalaamassa.	A boy is about to take a picture.	Poika on ottamassa kuvaa.	1.000000
The carriage is drawn by a horse.	Vaunua vetää hevonen.	A man riding on a bicycle by side of building.	Mies pyöräilee rakennuksen vieressä.	0.400000
a man working at the steel mill	mies työskentelee terästehtaalla	A man working in a foundry.	Mies työskentelee valimossa.	3.400000
The young woman is flirting with the young boy.	Nuori nainen flirttailee nuorelle pojalle.	The girl is young and cheery.	Tyttö on nuori ja iloinen.	1.400000
A woman looks at a duck as she walks behind it.	Nainen katsoo ankkaa kävellessään sen perässä.	A woman is going on a walk with her dog.	Nainen käy kävelyllä koiransa kanssa.	1.000000
the men are about to score in a water polo tournament	miehet ovat tekemässä maalin vesipalloturnauksessa	The two men are about to compete in a match.	Nämä kaksi miestä aikovat kilpaotella.	2.000000
Man sitting on a bench drink from a mug surrounded by rugs.	Mies istuu penkillä juoden mukista mattojen ympäröimänä.	A man is sitting on one of two red benches and staring into a kiosk.	Mies istuu yhdellä kahdesta punaisesta penkistä ja tuijottaa kioskia.	2.200000
A man eats popcorn while watching cartoons late one night.	Mies syö popcornia katsellen piirrettyjä myöhään eräänä iltana.	A man and a girl are watching cartoons at home	Mies ja tyttö katsovat piirrettyjä kotona	2.800000
Three men sit on a bench.	Kolme miestä istuu penkillä.	two men sit on a bench.	kaksi miestä istuu penkillä.	3.200000
The road is long.	Tie on pitkä.	There is nothing on the side of the road.	Tien reunalla ei ole mitään.	0.800000
A small blond boy slides head first down a blue playground slide toward another blond youth.	Pieni vaalea poika liukuu pää edellä sinistä leikkiliukumäkeä pitkin kohti toista vaaleaa nuorta.	A young boy with his hair standing up, is sliding down a blue slide	Nuori poika, jonka hiukset ovat pystyssä, liukuu sinistä liukumäkeä pitkin	2.000000
The four women are practicing for a upcoming match.	Neljä naista harjoittavat tulevaa ottelua varten.	The women are in a play	Naiset ovat näytelmässä	1.200000
a young man wearing a white t-shirt and green and black shorts standing on a stump.	nuori mies yllään valkoinen t-paita ja vihreämustat shortsit seisomassa kannolla.	A man wearing a white shirt and red and black shorts is running on the sidewalk.	Mies, jolla on valkoinen paita ja punamustat shortsit, juoksee jalkakäytävällä.	1.800000
man on steps	mies portailla	A man sits on steps.	Mies istuu portailla.	4.000000
A dog under the stairs	Koira portaiden alla	A dog is resting on the stairs.	Koira lepää portailla.	2.200000
There is a young girl.	On nuori tyttö.	There is a young boy with the woman.	Naisen kanssa on nuori poika.	1.000000
Two women give a demonstration at a Renaissance Fair.	Kaksi naista pitää esittelyn renessanssimessuilla.	Two people are doing a demonstration at a renaissance fair.	Kaksi ihmistä tekee demonstraatiota renessanssimessuilla.	4.200000
A woman paints a picture of a large building which can be seen in the background.	Nainen maalaa kuvaa suuresta rakennuksesta, joka näkyy taustalla.	A person paints a picture of a large building which can be seen in the background.	Henkilö maalaa kuvaa suuresta rakennuksesta, joka näkyy taustalla.	4.200000
Some guy sitting on a couch watching television.	Joku kaveri istuu sohvalla katsellen televisiota.	A guy is sitting on the couch watching TV	Kaveri istuu sohvalla katsellen televisiota	5.000000
A woman is posing for a Christmas card.	Nainen poseeraa joulukorttia varten.	A girl is taking a photo.	Tyttö ottaa valokuvaa.	1.200000
Two kids are playing a game of Foosball.	Kaksi lasta pelaa peliä jalkapalloa.	The kids are playing a game with each other.	Lapset pelaavat peliä keskenään.	3.400000
The man is in a deserted field.	Mies on autiolla pellolla.	The man is outside in the field.	Mies on ulkona pellolla.	4.000000
A little boy is drinking from a juice packet.	Pieni poika juo mehupakkauksesta.	A boy is drinking from a juice packet.	Poika juo mehupakkauksesta.	4.800000
A man has his skis ready for the field to get iced out	Miehellä on sukset valmiina pellon jäätymistä varten.	A man on a boat getting ready to pull in his net to see what he caught.	Mies veneessä valmistautuu nostamaan verkkonsa nähdäkseen mitä kiinni.	0.400000
The biker is doing dangerous stunts.	Pyöräilijä tekee vaarallisia temppuja.	A biker is doing stunts.	Pyöräilijä tekee temppuja.	4.400000
A musician is smearing jam on his white guitar at a concert.	Muusikko levittää hilloa valkoiselle kitaralleen konsertissa.	Trombonist playing the her instrument in a band for a parade.	Trombonisti soittaa instrumenttiaan bändissä paraatia varten.	0.400000
A man is working on his farm.	Mies työskentelee maatilallaan.	An old guy is working on his farm and a cow kicks him.	Vanha kaveri työskentelee maatilallaan ja lehmä potkaisee häntä.	2.800000
A pair of young boys in t-shirts are hiding in the woods with one looking aghast.	Pari nuorta poikaa t-paidoissa, joista yksi näyttää yllättyneeltä, on piilossa metsässä	Two smiling little girls playing in a fountain with other people.	Kaksi hymyilevää pientä tyttöä leikkii suihkulähteessä muiden ihmisten kanssa.	0.000000
A group of people playing soccer on a soccer field in front of a crowd.	Joukko ihmisiä pelaa jalkapalloa jalkapallokentällä väkijoukon edessä.	A group of men playing soccer in a stadium full of people.	Ryhmä miehiä pelaa jalkapalloa stadionilla, joka on täynnä ihmisiä.	3.000000
A man is enjoying watching three asian children dance.	Mies nauttii kolmen aasialaisen lapsen tanssimisen katsomisesta.	A man is watching three asian kids dance.	Mies katselee kolmen aasialaisen lapsen tanssia.	4.600000
A girl is talking to her dad on a cellphone.	Tyttö puhuu isänsä kanssa matkapuhelimessa.	a girl is talking on her phone.	tyttö puhuu puhelimeensa.	4.400000
One person wields an umbrella.	Yksi henkilö käyttää sateenvarjoa.	One person is holding an umbrella.	Yhdellä henkilöllä on sateenvarjo.	4.400000
A woman walking down the side of a highway.	Nainen kävelemässä valtatien reunalla.	A man is standing on one feet on a bridge.	Mies seisoo yhdellä jalalla sillalla.	0.400000
A group of teenagers jumping and having a good time.	Ryhmä nuoria hyppii ja pitää hauskaa.	A group of kids having a good time.	Ryhmä lapsia pitää hauskaa.	3.600000
A man calling for a taxi at the airport on a sunny day.	Mies soittaa taksia lentokentältä aurinkoisena päivänä.	A man is outside on a July day.	Mies on ulkona heinäkuun päivänä.	1.400000
A man is playing his guitar at Joe's Cafe.	Mies soittaa kitaraansa Joe's Cafessa.	The man is playing the drums for his mom.	Mies soittaa rumpuja äidilleen.	1.200000
A young boy has a red fishing pole.	Nuorella pojalla on punainen onkivapa.	A young boy stands over a bridge with a fishing pole.	Nuori poika seisoo sillalla onkivavan kanssa.	3.000000
A player bounces a ball.	Pelaaja pompottaa palloa.	A player catching a ball.	Pelaaja ottaa kiinni palloa.	1.600000
Someone is on a blanket.	Joku on huovalla.	The person is making a blanket.	Henkilö tekee huopaa.	1.400000
Men competing in a contest.	Miehet kisaavat kilpailussa.	Two women compete in a contest.	Kaksi naista kilpailee kilpailussa.	2.400000
The puppy is outdoor.	Pentu on ulkona.	A man in printed board shorts is doing a yoga pose on the beach.	Mies printtishortseissa poseeraa jooga-asennossa rannalla.	0.000000
The man has a orange shirt.	Miehellä on oranssi paita.	The woman has a orange shirt.	Naisella on oranssi paita.	3.400000
The two kids look at the products sold inside the subway shop.	Kaksi lasta katsovat tuotteita, joita myydään metrokaupassa.	The kids are stealing from a store.	Lapset varastavat kaupasta.	0.800000
The baby boy wants his mother.	Poikavauva haluaa äitinsä.	A baby boy is happy to see his mother.	Poikavauva on iloinen nähdessään äitinsä.	2.800000
A young girl in a pink jacket is playing a board game.	Nuori tyttö, jolla on vaaleanpunainen takki, pelaa lautapeliä.	A boy in a jacket playing.	Takillinen poika pelaa.	1.600000
A smiling Caucasian male wearing a blue and black striped shirt it about to take a photograph.	Hymyilevä valkoihoinen mies sinimustassa raidallisessa paidassa ottaa valokuvaa.	A man in a white shirt and black pants is smiling.	Mies valkoisessa paidassa ja mustissa housuissa hymyilee.	1.600000
A person is scaling a rock wall.	Henkilö kiipeää kallioseinää.	A person and a horse are above a fence.	Henkilö ja hevonen ovat aidan yläpuolella.	0.200000
A boy is very close to a girl.	Poika on hyvin lähellä tyttöä.	A girl is close to a boy whose face is not shown.	Tyttö on lähellä poikaa, jonka kasvoja ei näy.	3.200000
Two men are playing a game of Scrabble together.	Kaksi miestä pelaa Scrabble-peliä yhdessä.	The two women are playing a game.	Kaksi naista pelaavat peliä.	2.200000
Six children are cleaning a room.	Kuusi lasta siivoaa huonetta.	Two male children cleaning up leaves in a parking lot.	Kaksi miespuolista lasta siivoaa lehtiä parkkipaikalla.	1.600000
The girl is very skilled and practices a lot.	Tyttö on erittäin taitava ja harjoittelee paljon.	The man is very skilled.	Mies on erittäin taitava.	2.000000
Many guards are standing in front of the starting line of a race.	Useat vartijat seisovat kilpailun lähtöviivan edessä.	Two men in business dress are standing by the side of a road.	Kaksi liikemekossa olevaa miestä seisoo tien reunalla.	0.400000
There is a cook preparing food.	On kokki, joka valmistaa ruokaa.	A cook is making food.	Kokki valmistaa ruokaa.	5.000000
Two men are helping a boy.	Kaksi miestä auttaa poikaa.	Two men are with a young child.	Kaksi miestä on pienen lapsen kanssa.	3.600000
A man at a farmers market.	Mies viljelijämarkkinoilla.	A man is at a farmers market.	Mies on viljelijöiden markkinoilla.	4.800000
four people walk toward a tower	neljä ihmistä kävelee kohti tornia	Two men walk toward a dome-shaped building.	Kaksi miestä kävelee kohti kupolin muotoista rakennusta.	2.000000
A little girl and boy are reading books.	Pieni tyttö ja poika lukevat kirjoja.	An older child is playing with a doll while gazing out the window.	Vanhempi lapsi leikkii nukella katsellen ikkunasta.	0.200000
The child would like to swim.	Lapsi haluaisi uida.	The children want to swim.	Lapset haluavat uida.	3.800000
Two skiing people are doing cross country skiing.	Kaksi hiihtäjää hiihtää murtomaahiihtoa.	People skiing cross country.	Ihmiset hiihtävät maastohiihtoa.	3.600000
A dog taking a poop in the street.	Koira tekee jätökset kadulle.	A man making balloon animals for two children on a street corner.	Mies tekee ilmapalloeläimiä kahdelle lapselle kadun kulmassa.	0.400000
Men are fighting after a basketball game.	Miehet tappelevat koripallopelin jälkeen.	The men are playing a game of basketball.	Miehet pelaavat koripalloa.	2.200000
A kid is talking in class.	Lapsi puhuu luokassa.	A girl is going to class.	Tyttö menee luokkaan.	1.800000
The women are trying to sell something to the individual.	Naiset yrittävät myydä jotain yksilölle.	The men are trying to make some money.	Miehet yrittävät ansaita rahaa.	1.200000
People are waiting for the fireworks to start.	Ihmiset odottavat ilotulitusten alkamista.	Three people are waiting for the rain to stop.	Kolme ihmistä odottaa sateen loppumista.	1.200000
A dog prepares to herd three sheep with horns.	Koira valmistautuu paimentamaan kolmea sarvekasta lammasta.	A dog and sheep run together.	Koira ja lammas juoksevat yhdessä.	2.200000
People are sitting around dimly lit tables while smiling and laughing.	Ihmiset istuvat hämärästi valaistujen pöytien ympärillä hymyillen ja nauraen.	People are sitting on benches.	Ihmiset istuvat penkillä.	2.000000
A dog is chasing cows.	Koira jahtaa lehmiä.	A white dog is chasing cows.	Valkoinen koira jahtaa lehmiä.	4.000000
One football player tries to tackle a player on the opposing team.	Yksi jalkapallopelaaja yrittää taklata pelaajaa vastustajajoukkueesta.	A football player attempts a tackle.	Jalkapalloilija yrittää taklausta.	4.600000
Three men are drying to pull a Subaru out of a ditch along a mountain road.	Kolme miestä yrittää vetää Subarua ojasta vuoristotien varressa.	Two men are waiting for a ride on the side of a dirt road.	Kaksi miestä odottaa kyytiä hiekkatien reunassa.	1.400000
A woman doesn't have her arms up because she's paralyzed from the neck down	Naisella ei ole kädet ylhäällä, sillä hän on halvaantunut kaulasta alaspäin	A woman is sitting on the steps because she tripped and hurt her ankle.	Nainen istuu portailla, koska hän kompastui ja loukkasi nilkkansa.	0.800000
People gathered in a room.	Ihmiset kokoontuivat huoneeseen.	People gathered together in a room.	Ihmiset kokoontuivat yhteen huoneeseen.	5.000000
The woman in overalls paints a picture for her wall.	Haalareissa oleva nainen maalaa kuvaa seinälleen.	A woman is painting her wall white.	Nainen maalaa seinäänsä valkoiseksi.	2.600000
Adding aspirin to the water could kill the plant.	Aspiriinin lisääminen veteen voi tappaa kasvin.	Men are trying to remove oil from a body of water.	Miehet yrittävät poistaa öljyä vesistöstä.	0.000000
Five kids are standing in front of a tent.	Viisi lasta seisoo teltan edessä.	People are out sitting in front of a garden.	Ihmiset istuskelevat ulkona puutarhan edessä.	0.600000
Female in a maroon shirt engaged in conversation with another female in a tan blazer.	Nainen kastanjanruskeassa paidassa keskusteli toisen naisen kanssa ruskeassa bleiserissä.	A girl in a blue dress and another girl in a purple dress, both smiling.	Tyttö sinisessä mekossa ja toinen tyttö violetissa mekossa, molemmat hymyilevät.	1.200000
Baseball players playing a game at the park.	Baseball-pelaajat pelaavat peliä puistossa.	A basketball player, playing in the home coming game.	Koripalloilija, joka pelaa kotipelissä.	1.600000
They are preparing for a performance at school.	He valmistautuvat esitykseen koulussa.	Two medical professionals in green look on at something.	Kaksi lääketieteen ammattilaista vihreissä asuissa tarkastelee jotain.	0.000000
The woman is wearing yellow.	Nainen on pukeutunut keltaiseen.	The woman is wearing red.	Nainen on pukeutunut punaiseen.	2.800000
Some smiling children are standing in front of an ocean sunset.	Hymyileviä lapsia seisoo valtameren auringonlaskun edessä.	People walking in the dark.	Ihmiset kävelevät pimeässä.	0.600000
A man is doing a stunt on his bicycle.	Mies tekee temppua polkupyörällä.	A man is doing a wheelie on his motorcycle.	Mies keulii moottoripyörällä.	3.200000
Ten people riding ATVs.	Kymmenen ihmistä ajaa mönkijöillä.	4 people are riding bikes	4 henkilöä ajaa polkupyörällä	1.600000
Two fishermen try to untangle their large fishing net on the side of the road on a cloudy day.	Kaksi kalastajaa yrittää selvittää suuren kalaverkonsa tien reunalla pilvisenä päivänä.	Several men pull a fishing net up on to the beach.	Useat miehet vetävät kalaverkon ylös rannalle.	3.000000
A yellow vested person is doing road work.	Keltaliivinen henkilö tekee tietöitä.	A person is doing very well on their skateboard.	Henkilö skeittaa todella hyvin.	0.200000
The woman had brown hair.	The woman had brown hair.	The woman has gray hair.	Naisella on harmaat hiukset.	2.400000
Black and white image of a wave crashing in the ocean.	Mustavalkoinen kuva aallosta, joka kaatuu meressä.	a small black dog in the ocean with some rocks in the background	pieni musta koira meressä taustallaan kiviä	0.600000
A lady and her daughter look through a microscope.	Nainen ja hänen tyttärensä katsovat mikroskoopin läpi.	A girl and a lady both looking through a microscope.	Tyttö ja nainen katsovat molemmat mikroskoopin läpi.	4.600000
Two workers are sitting next to pipes eating lunch	Kaksi työntekijää istuu putkien vieressä syömässä lounasta	The construction workers are sitting down to eat lunch.	Rakennustyöläiset istuvat syömään lounasta.	3.800000
A boy does a skateboard trick on the stairs downtown.	Poika tekee skeittitempun alas portaita kaupungilla.	a boy is running on the sidewalk	poika juoksee jalkakäytävällä	0.600000
A group of people living in the desert	Ryhmä ihmisiä asumassa autiomaassa	A group of people in the middle of the desert.	Ryhmä ihmisiä keskellä autiomaata.	4.000000
Two kids are swimming.	Kaksi lasta ui.	Six kids are going swimming.	Kuusi lasta menossa uimaan.	2.800000
Three humans are walking a dog.	Kolme ihmistä kävelyttää koiraa.	Three people are walking a dog.	Kolme ihmistä ulkoiluttaa koiraa.	4.800000
There are people out on the street.	Kadulla on ihmisiä.	People are out on the street.	Ihmiset ovat kadulla.	5.000000
people getting their dirty clothes cleaned	ihmiset pesettävät likaiset vaatteensa	People are getting their clothes cleaned.	Ihmiset pesettävät vaatteitaan.	5.000000
Two women are lost and calling for help.	Kaksi naista on eksyksissä ja huutavat apua.	Two Asian men are gathering materials for their business and their child had to come with them.	Kaksi aasialaista miestä kerää materiaalia liiketoimintaansa, ja heidän lapsensa piti tulla heidän kanssaan.	0.200000
A man is throwing a penny into a fountain.	Mies heittää pennin suihkulähteeseen.	A little boy is throwing a man in water.	Pieni poika heittää miehen veteen.	0.600000
The children are holding musical instruments.	Lapset pitelevät soittimia.	A group of children are singing and playing instruments	Ryhmä lapsia laulaa ja soittaa instrumentteja	3.400000
Two girls are playing Doctor inside their house.	Kaksi tyttöä leikkii lääkärileikkiä talossaan.	The two girls are walking with their father.	Kaksi tyttöä kävelevät isänsä kanssa.	0.800000
A crowd of men wearing paper numbers on their shirts run in a race.	Joukko miehiä paperinumerot paidoissaan juoksevat kilpailussa.	Several men running down a grass field wearing numbers on the front of their shirts.	Useita miehiä juoksemassa pitkin ruohokenttää numerot paitojen etumuksissa.	3.600000
A group of people are wearing police uniforms conducting an arrest.	Ryhmä ihmisiä poliisin virkapuvuissa suorittavat pidätystä.	A group of police officers are wearing protection.	Ryhmä poliiseja on suojavarusteissa.	2.800000
The fruits should be eaten with lemon juice in order to prevent oxidation in your stomach.	Hedelmät tulisi syödä sitruunamehun kanssa mahalaukun hapettumisen estämiseksi.	three dogs growling On one another	kolme koiraa murisee toisilleen	0.000000
A doctor prescribes medicine to a patient.	Lääkäri määrää lääkettä potilaalle.	A doctor prescribes a medicine.	Lääkäri määrää lääkkeen.	4.400000
A woman is in the bathroom.	Nainen on kylpyhuoneessa.	The woman is in a bathroom.	Nainen on kylpyhuoneessa.	4.600000
Spectators taking pictures of a rally car.	Katsojat ottavat kuvia ralliautosta.	A crowd of people watching cars race down the track.	Joukko ihmisiä seuraa autojen kilpailua radalla. 	2.800000
The man and woman are resting on a couch.	Mies ja nainen lepäävät sohvalla.	A man and woman are asleep on the couch.	Mies ja nainen ovat sohvalla unessa.	4.000000
the man is planning to shoot a wedding	mies suunnittelee valokuvaavansa häät	the woman is going to a wedding.	nainen menee häihin.	1.400000
The boy in the green jersey plays goalie on the soccer team.	Vihreässä paidassa oleva poika pelaa maalivahtina jalkapallojoukkueessa.	The team in blue is playing a game against the team in white	Joukkue sinisissä pelaa ottelua valkoisissa olevaa joukkuetta vastaan.	1.000000
The child's bike got wet.	Lapsen pyörä kastui.	She is putting away the bike.	Hän laittaa polkupyörän pois.	1.200000
A soldier walks a dog.	Sotilas kävelyttää koiraa.	A man walks a dog.	Mies kävelyttää koiraa.	3.200000
A shirtless woman is operating a lawn mower.	Paidaton nainen käyttää ruohonleikkuria.	A girl is mowing the grass with a lawn mower.	Tyttö leikkaa ruohoa ruohonleikkurilla.	3.000000
People are near water	Ihmiset ovat lähellä vettä	People are near water.	Ihmiset ovat lähellä vettä.	5.000000
The two officers are driving	Kaksi poliisia ajavat.	Two officers are on horses.	Kaksi poliisia on hevosilla.	2.200000
Friends walk into a building	Ystävät kävelevät rakennukseen	a man walks along walkway to the store	mies kävelee kävelytietä pitkin kauppaan	0.400000
The lady looks sad because no one is buying her wares.	Nainen näyttää surulliselta, koska kukaan ei osta hänen tavaroitaan.	The lady is selling things.	Nainen myy asioita.	2.000000
The rollerblades are moving.	Rullaluistimet liikkuvat.	Two vehicles are going towards the camera.	Kaksi ajoneuvoa lähestyvät kameraa.	0.800000
There is a older man near a window.	Ikkunan lähellä on vanhempi mies.	A boy is near some stairs.	Poika on lähellä portaita.	0.400000
A guy and a girl are rock climbing with backpacks on.	Kaveri ja tyttö vuorikiipeilevät reput selässään.	Two boys are riding on a toy with a blonde girl running long side of them.	Kaksi poikaa ratsastaa lelulla vaalean tytön juostessa heidän rinnallaan.	0.000000
In Abu Dhabi the Golden Market is one of the premier public outdoor shopping areas.	Abu Dhabissa Golden Market on yksi johtavista julkisista ulkoilualueista.	A busy city square in an asian country.	Vilkas kaupungin aukio aasialaisessa maassa.	1.600000
A pregnant woman is in labor	Raskaana oleva nainen on synnyttämässä	a woman has a child.	naisella on lapsi.	1.600000
A flock of birds hovered over the sandy beach.	Lintuparvi leijuu hiekkarannan yläpuolella.	Birds are flying at a beach.	Linnut lentävät rannalla.	3.800000
people walk home	ihmiset kävelevät kotiin	People waiting.	Ihmiset odottavat.	1.600000
The religious people are enjoying the outdoors.	Uskonnolliset ihmiset nauttivat ulkoilmasta.	The group of people are enjoying the outdoors.	Ihmisryhmä nauttii ulkoilmasta.	3.600000
A girl in water without goggles or a swimming cap.	Tyttö vedessä ilman suojalaseja tai uimalakkia	A girl in water, with goggles and swimming cap.	Tyttö vedessä suojalaseissa ja uimalakissa.	3.000000
A man is performing a stunt outdoors.	Mies tekee temppua ulkona.	A young man on a beach is performing skateboard stunts.	Nuori mies rannalla tekee skeittitemppuja.	2.800000
A man is laughing with a woman	Mies nauraa naisen kanssa	A man and a woman laughing.	A man and a woman laughing.	4.800000
He is about to run into the boat	Hän on juoksemassa veneeseen	The man is getting his boat clean to take it out on the water.	Mies puhdistaa venettään laskeakseen sen vesille.	1.200000
2 Cows are in a field.	2 lehmää on pellolla.	Two sheep are in a field.	Kaksi lammasta on pellolla.	2.400000
A wet child enjoys the summer.	Märkä lapsi nauttii kesästä.	A woman is enjoying the summer weather.	Nainen nauttii kesäsäästä.	1.800000
There was girl stranded on the roof.	Katolla oli jumissa tyttö.	The couple was on the bed.	Pariskunta oli sängyllä.	0.200000
There are four snowboarders going off a jump and that are in the air.	On neljä lumilautailijaa, jotka lähtevät hyppyyn ja ovat ilmassa.	Two racers are coming to a turn.	Kaksi kilpailijaa on tulossa mutkaan.	1.000000
The girl has a driver's license	Tytöllä on ajokortti	A man has a driver's license.	Miehellä on ajokortti.	2.600000
People on motorcycles wearing racing gear ride around a racetrack	Kilpailuvarusteita käyttävät moottoripyöräilijä ajavat kilparadan ympäri	People on motorcycles ride around a racetrack	Ihmiset moottoripyörillä ajavat ympäri kilparataa.	3.800000
A man is standing on the ground with a paintbrush	Mies seisoo maassa siveltimen kanssa	A man with a crutch lying on the ground.	Mies kainalosauvan kanssa makaa maassa.	1.200000
The kids are at the theater watching a movie.	Lapset ovat teatterissa katsomassa elokuvaa.	it is picture day for the boys	on poikien kuvauspäivä	0.200000
Two women walk down the sidewalk to the store.	Kaksi naista kävelee jalkakäytävää pitkin kauppaan.	Two women walk down the sidewalk in the afternoon.	Kaksi naista kävelee jalkakäytävää pitkin iltapäivällä.	3.800000
A man has his son on his back	Miehellä on poikansa selässään	A man spent his time with his son.	Mies vietti aikaa poikansa kanssa.	2.400000
A group of dark-skinned people are walking past barbed wire.	Ryhmä tummanahkaisia ihmisiä kulkee piikkilangan ohi.	Two women are gossiping by a fence.	Kaksi naista juoruilee aidalla.	0.400000
Zombies parading around eating brains.	Zombeja marssii ympäriinsä syömässä aivoja.	The zombies are eating flesh together.	Zombit syövät lihaa yhdessä.	3.400000
A group of people are sitting at at a beach on towels watching the Blue Angels.	Ryhmä ihmisiä istuu rannalla pyyhkeillä katsellen Sinisiä Enkeleitä.	A group of people are sitting at a beach watching the Blue Angels.	Ryhmä ihmisiä istuu rannalla katsellen Sinisiä Enkeleitä.	4.200000
A basketball player makes the 5th rebound of the night,	Koripalloilija tekee illan viidennen levypallon,	A tennis player in the middle of a game.	Tennispelaaja keskellä peliä.	1.400000
Three people are meeting for coffee.	Kolme ihmistä tapaa kahvilla.	Two people make coffee.	Kaksi ihmistä keittää kahvia.	2.400000
A young girl with dirt on her face and a red child's bike is in the background.	Nuori tyttö likaa kasvoillaan ja punainen lasten pyörä taustalla.	The old woman in shorts and a white t-shirt is standing on a path watching children play.	Vanha nainen shortseissa ja valkoisessa t-paidassa seisoo polulla katsellen lasten leikkiä.	0.800000
A helicopter is getting ready to take off.	Helikopteri valmistautuu nousuun.	The plane is getting ready to take off.	Kone valmistautuu nousuun.	2.800000
A line of scooters are parking in the middle of a street.	Rivi potkulautoja pysäköitynä keskelle katua.	A line of motor bikes are parked in the middle of a street.	Rivi moottoripyöriä on pysäköity kadulle.	4.400000
A man holding a cat.	Mies pitelee kissaa.	A man holding a dog.	Mies pitelee koiraa.	3.000000
A man doing a jumping bike trick surrounded by trees.	Mies tekee hyppypyörätemppua puiden ympäröimänä.	A boy riding a green trick bike over some steps outdoors.	Poika ajaa vihreällä temppupyörällä portaiden yli ulkona.	3.000000
Three guys in speedos have their feet up on the railing of a boat getting a tan.	Kolme kaverusta speedoissa on jalat veneen kaiteella ottamassa aurinkoa.	A few men on the deck are dropping another man into the water	Muutamat kannella olevat miehet pudottavat yhden miehen veteen	1.600000
A group wading across a witch	Ryhmä kahlaa noidan yli.	A group wading across a ditch	Ryhmä kahlaa ojan yli	2.800000
A woman jumps and poses for the camera.	Nainen hyppää ja poseeraa kameralle.	A woman poses for the camera.	A woman poses for the camera.	4.000000
A man is on a rooftop	Mies on katolla	A man is holding a microphone in a room.	Mies pitää mikrofonia huoneessa.	0.800000
There are two men near a wall.	Seinän lähellä on kaksi miestä.	Three women are sitting near a wall.	Kolme naista istuu seinän lähellä.	2.000000
The cats are running through the grass.	Kissat juoksevat ruohikossa.	Some dogs running through the park.	Koirat juoksevat puiston läpi.	2.000000
The two boys are playing kick ball back and forth to each other.	Kaksi poikaa potkii palloa toisilleen edestakaisin.	The players are kicking each other while attempting to kick the ball.	Pelaajat potkivat toisiaan yrittäessään potkaista palloa.	3.000000
Two girls are running.	Kaksi tyttöä juoksee.	Three boys are running.	Kolme poikaa juoksee.	2.200000
The two men are wearing jeans.	Kaksi miestä pukeutuneena farkkuihin.	The two men are wearing pants.	Kaksi miestä pukeutuneena housuihin.	4.400000
A little girl in a white blouse and blue pants frolics on the grass.	Pieni tyttö valkoisessa puserossa ja sinisissä housuissa ilakoi ruohikolla.	A woman in a green shirt and white pants golfs on the green.	Nainen vihreässä paidassa ja valkoisissa housuissa golfaa viheriöllä.	1.800000
The man without a shirt is jumping.	Mies ilman paitaa hyppää.	The man jumping is not wearing a shirt.	Hyppäävällä miehellä ei ole paitaa.	4.600000
The woman is holding the hands of the man.	Nainen pitää miestä käsistä.	The woman is checking the eyes of the man.	Nainen tarkistaa miehen silmät.	2.400000
A man walks his dog on the beach.	Mies kävelyttää koiraansa rannalla.	A man with his dog on the beach.	Mies koiransa kanssa rannalla.	4.400000
The child is the woman's kid.	Lapsi on naisen lapsi.	There is a boy and a girl.	On poika ja tyttö.	0.800000
A soccer player is kicking the ball.	Jalkapalloilija potkaisee palloa.	The soccer player gave the ball a high kick.	Jalkapalloilija antoi korkean potkun.	3.800000
Two boys in black swimming trunks are holding another boy by his arms and legs on a beach.	Kaksi poikaa mustissa uimahousuissa pitelevät kolmatta poikaa käsistä ja jaloista rannalla.	Man in white shirt flipping young boy in the water with four other boys surrounding them.	Mies valkoisessa paidassa pyöräyttää nuorta poikaa vedessä neljän muun pojan ympäröimänä.	1.400000
The player shoots the winning points.	Pelaaja tekee voittopisteet.	The basketball player is about to score points for his team.	Koripalloilija on tekemässä pisteitä joukkueelleen.	2.800000
A man in a white shirt and hat playing a guitar.	Mies valkoisessa paidassa ja hatussa soittaa kitaraa.	A man in a green shirt and black hat playing a guitar on stage.	Mies vihreässä paidassa ja mustassa hatussa soittamassa kitaraa lavalla.	2.800000
A black hooded man is using a large magnifying glass to look at a booklet.	Mustahupullinen mies käyttää suurta suurennuslasia katsoakseen kirjasta.	A white hooded woman is using a magnifying glass to look at a booklet.	Valkohupullinen nainen käyttää suurennuslasia katsoakseen vihkosta.	2.800000
the people are running a marathon	ihmiset juoksevat maratonia	People are running a marathon	Ihmiset juoksevat maratonia	5.000000
A motorcross driver going by during a race	Motocross-kuljettaja ajaa ohi kilpailun aikana	A race car driver performs in the race of his life.	Kilpa-autoilija ajaa elämänsä kisan.	3.000000
A group of people are nervous about crossing the water.	Ryhmä ihmisiä on hermostunut veden ylittämisestä.	A group of people are on the water.	Ryhmä ihmisiä on vedessä.	2.200000
A group of kids are having a jumping contest.	Ryhmä lapsia pitää hyppykilpailua.	A group of kids are having a sleepover.	Ryhmä lapsia on yökylässä.	1.200000
The gate is blue.	Portti on sininen.	The gate is yellow.	Portti on keltainen.	1.600000
The person is wearing a fedora.	Henkilöllä on päässään fedora.	A man is wearing a uniform.	Miehellä on yllään univormu.	1.600000
A woman and a man embrace while watching a horror movie.	Nainen ja mies syleilevät katsellessaan kauhuelokuvaa.	A man and a woman watch a movie together.	Mies ja nainen katsovat elokuvaa yhdessä.	2.800000
A man in a blue dress shirt.	Mies sinisessä puvun paidassa.	A man in a white shirt and blue pants is talking with a woman in a pink shirt.	Mies valkoisessa paidassa ja sinisissä housuissa puhuu vaaleanpunaisessa paidassa olevan naisen kanssa.	1.800000
A couple is playing the game of Life.	Pariskunta pelaa elämänpeliä.	The family is playing a game together.	Perhe pelaa peliä yhdessä.	2.600000
The head of a child with dark glasses is in focus.	Tummia laseja pitävän lapsen pää on tarkennettuna.	There is a woman with a full head of hair.	Naisella on hiukset tallella.	0.200000
A dog walks along a beach with breaking waves.	Koira kävelee pitkin rantaa aaltojen vaahdotessa.	A boy with an oar walks out of the surf and onto a beach.	Poika airon kanssa kävelee aallokosta rannalle.	1.000000
A pair of men walk along the beach.	Mieskaksikko kävelee pitkin rantaa.	Two men standing in the surf on a beach.	Kaksi miestä seisoo aallokossa rannalla.	2.600000
Blond woman in a tunnel.	Vaalea nainen tunnelissa.	The couple kissing is near a blond woman.	Pariskunta suutelee lähellä vaaleaa naista.	1.600000
A maintenance guy is repairing a net on a tennis court.	Huoltomies korjaa verkkoa tenniskentällä.	A man removing a tennis net.	Mies poistaa tenniverkon.	2.400000
A kid sits on a soccer ball outside.	Lapsi istuu ulkona jalkapallolla.	A kid sitting on a soccer ball at the park.	Lapsi istuu jalkapallolla puistossa.	4.200000
The raven droned as is hopped along the grass.	Korppi surisi hyppiessään ruohikkoa pitkin.	The skinny dog with the long tail is traveling through the field.	Laiha koira, jolla on pitkä häntä, kulkee pellon läpi.	0.200000
A man in a brown coat rubs his nose.	Ruskeassa takissa oleva mies hieroo nenäänsä.	A bald man with a red beard holds his hand near his mouth.	Kalju mies, jolla on punainen parta, pitää kättään lähellä suutaan.	2.200000
The dog is chasing the geese.	Koira jahtaa hanhia.	One dog is chasing the other.	Yksi koira jahtaa toista.	1.600000
Small child playing with letter P	Pieni lapsi leikkii kirjaimella P	2 young girls are sitting in front of a bookcase and 1 is reading a book.	2 nuorta tyttöä istuu kirjahyllyn edessä ja yksi lukee kirjaa.	0.800000
A brown dog is jumping.	Ruskea koira hyppii.	A brown dog is jumping	Ruskea koira hyppii	5.000000
the man is catching a ball	mies on nappaamassa palloa	A man is kicking a ball.	Mies potkaisee palloa.	3.000000
Two men are sitting in the room.	Kaksi miestä istuu huoneessa.	Two men are standing in a room.	Kaksi miestä seisoo huoneessa.	3.000000
A group of teenagers in red shirts are smiling.	Ryhmä teini-ikäisiä punaisissa paidoissa hymyilee.	A group of people are wearing orange shirts.	Ryhmä ihmisiä pitää yllään oransseja paitoja.	1.200000
The woman is waiting for her date.	Nainen odottaa deittiään.	The woman is on her way to a date.	Nainen on matkalla treffeille.	3.200000